{"cameraMode":{"drawMode":0,"name":"Shaded","section":"Shading Mode"},"sceneLighting":true,"audioPlay":false,"sceneViewState":{"showFog":false,"showMaterialUpdate":true,"showSkybox":true,"showFlares":true,"showImageEffects":true,"showParticleSystems":true},"in2DMode":false,"pivot":{"x":5.077516078948975,"y":1.640625,"z":-38.674354553222659},"rotation":{"x":0.035292308777570727,"y":-0.6664971709251404,"z":0.031612515449523929,"w":0.7440087199211121},"size":135.62449645996095,"orthographic":true}