{"cameraMode":{"drawMode":0,"name":"Shaded","section":"Shading Mode"},"sceneLighting":true,"audioPlay":false,"sceneViewState":{"showFog":false,"showMaterialUpdate":true,"showSkybox":true,"showFlares":true,"showImageEffects":true,"showParticleSystems":true},"in2DMode":false,"pivot":{"x":-13.672935485839844,"y":-4.417594909667969,"z":-18.348814010620118},"rotation":{"x":0.3022179901599884,"y":-0.639572024345398,"z":0.30258220434188845,"w":0.6388018131256104},"size":94.24705505371094,"orthographic":false}