{"cameraMode":{"drawMode":0,"name":"Shaded","section":"Shading Mode"},"sceneLighting":false,"audioPlay":false,"sceneViewState":{"showFog":false,"showMaterialUpdate":true,"showSkybox":true,"showFlares":true,"showImageEffects":true,"showParticleSystems":true},"in2DMode":false,"pivot":{"x":4.599999904632568,"y":8.199999809265137,"z":0.5},"rotation":{"x":-0.4936324656009674,"y":0.012257642112672329,"z":-0.006962020415812731,"w":-0.8695719838142395},"size":11.276222229003907,"orthographic":false}