{"cameraMode":{"drawMode":0,"name":"Shaded","section":"Shading Mode"},"sceneLighting":false,"audioPlay":false,"sceneViewState":{"showFog":false,"showMaterialUpdate":true,"showSkybox":true,"showFlares":true,"showImageEffects":true,"showParticleSystems":true},"in2DMode":false,"pivot":{"x":-0.00005078315734863281,"y":0.8080623149871826,"z":0.05928128585219383},"rotation":{"x":0.2503875494003296,"y":-0.664169192314148,"z":0.2529544532299042,"w":0.6574252843856812},"size":4.298643112182617,"orthographic":false}