{"cameraMode":{"drawMode":0,"name":"Shaded","section":"Shading Mode"},"sceneLighting":true,"audioPlay":false,"sceneViewState":{"showFog":false,"showMaterialUpdate":true,"showSkybox":true,"showFlares":true,"showImageEffects":true,"showParticleSystems":true},"in2DMode":false,"pivot":{"x":8.859999656677246,"y":8.32000732421875,"z":-31.809999465942384},"rotation":{"x":0.7095992565155029,"y":0.008454167284071446,"z":-0.008515466935932637,"w":0.704505205154419},"size":68.76522064208985,"orthographic":true}