{"cameraMode":{"drawMode":0,"name":"Shaded","section":"Shading Mode"},"sceneLighting":true,"audioPlay":false,"sceneViewState":{"showFog":false,"showMaterialUpdate":true,"showSkybox":true,"showFlares":true,"showImageEffects":true,"showParticleSystems":true},"in2DMode":false,"pivot":{"x":3.256314754486084,"y":2.756681442260742,"z":-45.603187561035159},"rotation":{"x":0.5117488503456116,"y":0.2354910522699356,"z":-0.14826442301273347,"w":0.8128196597099304},"size":49.9179573059082,"orthographic":false}