{"cameraMode":{"drawMode":0,"name":"Shaded","section":"Shading Mode"},"sceneLighting":true,"audioPlay":false,"sceneViewState":{"showFog":false,"showMaterialUpdate":true,"showSkybox":true,"showFlares":true,"showImageEffects":true,"showParticleSystems":true},"in2DMode":false,"pivot":{"x":1.1999969482421876,"y":6.9048614501953129,"z":72.5},"rotation":{"x":0.1348162591457367,"y":-0.6064152121543884,"z":0.10527987033128739,"w":0.7765368819236755},"size":195.51483154296876,"orthographic":true}