{"cameraMode":{"drawMode":0,"name":"Shaded","section":"Shading Mode"},"sceneLighting":true,"audioPlay":false,"sceneViewState":{"showFog":false,"showMaterialUpdate":true,"showSkybox":true,"showFlares":true,"showImageEffects":true,"showParticleSystems":true},"in2DMode":false,"pivot":{"x":-18.755855560302736,"y":-13.061199188232422,"z":-32.01406478881836},"rotation":{"x":0.3230070173740387,"y":-0.6333996653556824,"z":0.32927098870277407,"w":0.6213504672050476},"size":153.91299438476563,"orthographic":false}