{"cameraMode":{"drawMode":0,"name":"Shaded","section":"Shading Mode"},"sceneLighting":true,"audioPlay":false,"sceneViewState":{"showFog":false,"showMaterialUpdate":true,"showSkybox":true,"showFlares":true,"showImageEffects":true,"showParticleSystems":true},"in2DMode":false,"pivot":{"x":-0.9564512372016907,"y":197.59219360351563,"z":-13.263089179992676},"rotation":{"x":0.49368247389793398,"y":-0.5062835812568665,"z":0.4957619309425354,"w":0.504159688949585},"size":172.9027557373047,"orthographic":true}