{"cameraMode":{"drawMode":0,"name":"Shaded","section":"Shading Mode"},"sceneLighting":true,"audioPlay":false,"sceneViewState":{"showFog":false,"showMaterialUpdate":true,"showSkybox":true,"showFlares":true,"showImageEffects":true,"showParticleSystems":true},"in2DMode":false,"pivot":{"x":8.980833053588868,"y":24.997644424438478,"z":-37.26715850830078},"rotation":{"x":-0.1360396146774292,"y":0.8621838688850403,"z":-0.3736025393009186,"w":-0.3139427900314331},"size":6.762848854064941,"orthographic":false}